<?xml version="1.0" encoding="utf-8" ?>
<!-- SQL XML created by WWW SQL Designer, https://github.com/ondras/wwwsqldesigner/ -->
<!-- Active URL: file:///home/tvelardo/WEB/wwwsqldesigner-master/index.html -->
<sql>
<datatypes db="mysql">
	<group label="Numeric" color="rgb(238,238,170)">
		<type label="Integer" length="0" sql="INTEGER" quote=""/>
	 	<type label="TINYINT" length="0" sql="TINYINT" quote=""/>
	 	<type label="SMALLINT" length="0" sql="SMALLINT" quote=""/>
	 	<type label="MEDIUMINT" length="0" sql="MEDIUMINT" quote=""/>
	 	<type label="INT" length="0" sql="INT" quote=""/>
		<type label="BIGINT" length="0" sql="BIGINT" quote=""/>
		<type label="Decimal" length="1" sql="DECIMAL" re="DEC" quote=""/>
		<type label="Single precision" length="0" sql="FLOAT" quote=""/>
		<type label="Double precision" length="0" sql="DOUBLE" re="DOUBLE" quote=""/>
	</group>

	<group label="Character" color="rgb(255,200,200)">
		<type label="Char" length="1" sql="CHAR" quote="'"/>
		<type label="Varchar" length="1" sql="VARCHAR" quote="'"/>
		<type label="Text" length="0" sql="MEDIUMTEXT" re="TEXT" quote="'"/>
		<type label="Binary" length="1" sql="BINARY" quote="'"/>
		<type label="Varbinary" length="1" sql="VARBINARY" quote="'"/>
		<type label="BLOB" length="0" sql="BLOB" re="BLOB" quote="'"/>
	</group>

	<group label="Date &amp; Time" color="rgb(200,255,200)">
		<type label="Date" length="0" sql="DATE" quote="'"/>
		<type label="Time" length="0" sql="TIME" quote="'"/>
		<type label="Datetime" length="0" sql="DATETIME" quote="'"/>
		<type label="Year" length="0" sql="YEAR" quote=""/>
		<type label="Timestamp" length="0" sql="TIMESTAMP" quote="'"/>
	</group>
	
	<group label="Miscellaneous" color="rgb(200,200,255)">
		<type label="ENUM" length="1" sql="ENUM" quote=""/>
		<type label="SET" length="1" sql="SET" quote=""/>
		<type label="Bit" length="0" sql="bit" quote=""/>
	</group>
</datatypes><table x="393" y="308" name="Events">
<row name="id" null="1" autoincrement="1">
<datatype>INTEGER</datatype>
<default>NULL</default></row>
<row name="name" null="0" autoincrement="0">
<datatype>MEDIUMTEXT</datatype>
<default>'NULL'</default></row>
<row name="description" null="1" autoincrement="0">
<datatype>MEDIUMTEXT</datatype>
<default>NULL</default></row>
<row name="date" null="0" autoincrement="0">
<datatype>DATE</datatype>
<default>'NULL'</default></row>
<row name="img" null="0" autoincrement="0">
<datatype>MEDIUMTEXT</datatype>
<default>'NULL'</default></row>
<row name="salle" null="1" autoincrement="0">
<datatype>INTEGER</datatype>
<default>NULL</default><relation table="Venues" row="id" />
</row>
<key type="PRIMARY" name="">
<part>id</part>
</key>
</table>
<table x="451" y="3" name="Reservations">
<row name="id_Cat" null="1" autoincrement="0">
<datatype>MEDIUMTEXT</datatype>
<default>NULL</default></row>
<row name="social" null="0" autoincrement="0">
<datatype>INTEGER</datatype>
<default>NULL</default></row>
<row name="places_reserves" null="0" autoincrement="0">
<datatype>INTEGER</datatype>
<default>NULL</default></row>
<row name="id_Event" null="1" autoincrement="0">
<datatype>INTEGER</datatype>
<default>NULL</default><relation table="Events" row="id" />
</row>
<row name="id_User" null="1" autoincrement="0">
<datatype>INTEGER</datatype>
<default>NULL</default><relation table="Users" row="id" />
</row>
<key type="PRIMARY" name="">
</key>
</table>
<table x="164" y="208" name="Users">
<row name="login" null="0" autoincrement="0">
<datatype>MEDIUMTEXT</datatype>
<default>'NULL'</default><comment>Pseudo of the user</comment>
</row>
<row name="id" null="1" autoincrement="1">
<datatype>INTEGER</datatype>
<default>NULL</default></row>
<row name="nom" null="1" autoincrement="0">
<datatype>MEDIUMTEXT</datatype>
<default>NULL</default><comment>This is the surname of the user</comment>
</row>
<row name="prenom" null="1" autoincrement="0">
<datatype>MEDIUMTEXT</datatype>
<default>NULL</default></row>
<row name="mail" null="1" autoincrement="0">
<datatype>MEDIUMTEXT</datatype>
<default>NULL</default></row>
<row name="password_hash" null="0" autoincrement="0">
<datatype>MEDIUMTEXT</datatype>
<default>'NULL'</default></row>
<row name="date_naissance" null="1" autoincrement="0">
<datatype>INTEGER</datatype>
<default>NULL</default></row>
<row name="telephone" null="1" autoincrement="0">
<datatype>MEDIUMTEXT</datatype>
<default>NULL</default></row>
<row name="taste" null="0" autoincrement="0">
<datatype>INTEGER</datatype>
<default>NULL</default></row>
<key type="PRIMARY" name="">
<part>id</part>
</key>
<comment>This table contains the users of ShowBook</comment>
</table>
<table x="581" y="161" name="Venues">
<row name="id" null="1" autoincrement="1">
<datatype>INTEGER</datatype>
<default>NULL</default></row>
<row name="name" null="0" autoincrement="0">
<datatype>MEDIUMTEXT</datatype>
<default>'NULL'</default></row>
<row name="link" null="0" autoincrement="0">
<datatype>MEDIUMTEXT</datatype>
<default>'NULL'</default><comment>Website of the venue</comment>
</row>
<row name="map" null="0" autoincrement="0">
<datatype>MEDIUMTEXT</datatype>
<default>'NULL'</default><comment>seating plan</comment>
</row>
<row name="c1" null="0" autoincrement="0">
<datatype>MEDIUMTEXT</datatype>
<default>'NULL'</default><comment>Name of first category</comment>
</row>
<row name="c2" null="1" autoincrement="0">
<datatype>MEDIUMTEXT</datatype>
<default>NULL</default></row>
<row name="c3" null="1" autoincrement="0">
<datatype>MEDIUMTEXT</datatype>
<default>NULL</default></row>
<row name="n1" null="0" autoincrement="0">
<datatype>INTEGER</datatype>
<default>NULL</default><comment>Amout of seats in first category</comment>
</row>
<row name="n2" null="1" autoincrement="0">
<datatype>INTEGER</datatype>
<default>NULL</default></row>
<row name="n3" null="1" autoincrement="0">
<datatype>INTEGER</datatype>
<default>NULL</default></row>
<row name="nb_places" null="1" autoincrement="0">
<datatype>INTEGER</datatype>
<default>NULL</default><comment>Amout of seats total</comment>
</row>
<key type="PRIMARY" name="">
<part>id</part>
</key>
</table>
</sql>
